,Terrane,ROCKNAME,-10.3,COMPONENT,TESTS,TILT,SLAT,SLONG,B,N,DEC,INC,abs(I),KD,ED95,PLAT,PLONG,DP,DM,A95,f,INCf,PLATf,PLONf,DPf,DMf,A95f,%REV,DEMAGCODE,40,24,10,16,2,3,4,5,6,7,Q(7),Grade,nominal age,lomagage,himagage,REF/method,ROCKNAME.1, POLE AUTHORS,YEAR,JOURNAL,VOLUME,VPAGES,TITLE,Overlap_Comment,Pole_citation_code,Geochron_citation_code,Notes_Changes_from_Leirubakki,Plate_ID
0,Laurentia-Wyoming,Stillwater Complex - C2,new,,,,45.2,249.2,,74.0,171.0,-63.0,63.0,32.0,2.9,-83.6,335.8,3.5839589181444294,4.559272060892802,4.042306737851977,1.0,-63.0,-83.6,335.8,3.6,4.6,4.069397989875161,100,4.0,1.0,1.0,1.0,1.0,1.0,1.0,0.0,1.0,0.0,0.0,4.0,A,2705.0,2701.0,2709.0,"2705±4, new",Stillwater Complex - C2,"Selkin, P.A., Gee, J.S., Meurer, W.P., Hemming, S.R.",2008.0,G-cubed,9,23pp,"Paleointensity record from the 2.7 Ga Stillwater Complex, Montana",Corresponds to Cenozoic/Present Local Field,\cite{Selkin2008a},,,10049
1,Laurentia-Superior(East),Otto Stock dikes and aureole,2629,N+R Component,"C*+,R-",0.0,48.0,279.900002,18.0,84.0,330.0,71.0,71.0,139.0,3.0,69.0,227.0,4.5,5.2,4.83735464897913,1.0,71.0,69.0,227.0,4.5,5.2,4.83735464897913,17or83,3.0,1.0,1.0,1.0,1.0,1.0,1.0,1.0,1.0,1.0,0.0,6.0,B,2676.0,2671.0,2681.0,"2680±1 for stock, but lamprophyre dykes are younger (ca.2670-2675), J.Ayers, pers.comm. 2008",Otto Stock Dykes and Aureole,"Pullaiah,G., Irving,E.",1975.0,Canad.J.Earth Sci.,12,1609-1618,"Paleomagnetism of the contact aureole and late dikes of the Otto Stock, Ontario, and its application to Early Proterozoic apparent polar wandering",Overlaps with Cenozoic,\cite{Pullaiah1975b},,,10043
2,Laurentia-Slave,Defeat Suite,new,,C*+,0.0,62.5,245.5,5.0,58.0,2.0,-47.0,47.0,30.0,14.0,-1.0,64.0,15.0,15.0,15.0,1.0,-47.0,-1.0,64.0,15.0,15.0,15.0,0,4.0,1.0,1.0,1.0,1.0,1.0,1.0,1.0,1.0,0.0,0.0,5.0,B,2625.0,2620.0,2630.0,"2625, U-Pb: 2628 pm 3, 2624 pm4",Defeat Suite,"Mitchell, R.N., Bleeker, W., Van Breemen, O., LeCheminant, A.N., Peng, P., Nilsson, M.K.M., Evans, D.A.D.",2014.0,Am. J. Sci.,314,878-894,Plate tectonics before 2.0 Ga: Evidence from paleomagnetism of cratons within supercontinent Nuna,,\cite{Mitchell2014a},\cite{Davis1999a},,10041
3,Laurentia-Superior(East),Ptarmigan-Mistassini dikes,new,,,0.0,54.0,287.0,3.0,18.0,49.6,46.1,46.1,0.1,1000.0,-45.3,213.0,13.8,13.8,13.8,1.0,46.1,-45.3,213.0,13.8,13.8,13.8,0or100,3.0,1.0,0.0,0.0,0.0,0.0,1.0,0.0,1.0,0.0,1.0,4.0,B,2505.0,2503.0,2507.0,"2505±2, ",PTARMIGAN MEAN,"Evans,D.A.D., Halls,H.C.",2010.0,Precambrian Res.,183,474-489,Restoring Proterozoic deformation within the Superior craton,,\cite{Evans2010a},,,10043
4,Laurentia-Superior(East),Matachewan dikes R,new,,C+,0.0,48.0,278.0,,1000.0,207.6,-16.6,16.6,1000.0,0.1,-44.1,238.3,1.6,1.6,1.6,1.0,-16.6,-44.1,238.3,1.6,1.6,1.6,0or100,4.0,1.0,1.0,1.0,1.0,1.0,1.0,1.0,1.0,0.0,1.0,6.0,A,2466.0,2443.0,2489.0,"two ages, both U-Pb(z)",MATACHEWAN R,"Evans,D.A.D., Halls,H.C.",2010.0,Precambrian Res.,183,474-489,Restoring Proterozoic deformation within the Superior craton,,\cite{Evans2010a},,,10043
5,Laurentia-Superior(East),Matachewan dikes N,new,,C+,0.0,48.0,278.0,,1000.0,23.3,29.1,29.1,1000.0,0.1,-52.3,239.5,2.4,2.4,2.4,1.0,29.1,-52.3,239.5,2.4,2.4,2.4,0or100,4.0,1.0,1.0,1.0,1.0,1.0,1.0,1.0,1.0,0.0,1.0,6.0,A,2446.0,2443.0,2449.0,"2446±3, ",MATACHEWAN N,"Evans,D.A.D., Halls,H.C.",2010.0,Precambrian Res.,183,474-489,Restoring Proterozoic deformation within the Superior craton,,\cite{Evans2010a},,,10043
6,Laurentia-Slave,Malley dikes,13555,,C*+,0.0,64.2,249.8,9.0,45.0,138.3,-53.8,53.8,81.0,5.8,-50.8,310.0,6.7,6.7,6.7,1.0,-53.8,-50.8,310.0,6.7,6.7,6.7,0,4.0,1.0,1.0,1.0,1.0,1.0,1.0,1.0,1.0,0.0,0.0,5.0,A,2231.0,2229.0,2233.0,"2231, U-Pb (b); authors",Malley dykes,"Buchan, K., LeCheminant, A.N., van Breemen, O.",2012.0,Can. J. Earth Sci.,49,435-454,"Malley diabase dykes of the Slave craton, Canadian Shield: U-Pb age, paleomagnetism, and implications for continental reconstructions in the early Paleoproterozoic",Corresponds with Mesozoic APWP,\cite{Buchan2012a},U–Pb baddeleyite date of 2231 ± 2 Ma in \cite{Buchan2012a},,10041
7,Laurentia-Superior(East),Senneterre dikes,B+93,,C+,0.0,49.0,283.0,6.0,1000.0,358.6,-43.9,43.9,1000.0,0.1,-15.3,284.3,4.4,7.0,5.549774770204643,1.0,-43.9,-15.3,284.3,6.0,6.0,6.0,MIXED,4.0,1.0,1.0,1.0,1.0,1.0,1.0,1.0,1.0,1.0,1.0,7.0,A,2218.0,2212.0,2224.0,"2216+8/-4, ",SENNETERRE,Buchan et al.,1993.0,Can. J. Earth Sci.,30,1286-1296,Northeast-trending Early Proterozoic dykes of southern Superior Province: multiple episodes of emplacement recognized from integrated paleomagnetism and U-Pb geochronology,,\cite{Buchan1993a},,changed dp/dm to match Buchan1993,10043
8,Laurentia-Superior(East),Nipissing N1 sills,B+00,,C+,0.0,47.0,279.0,,1000.0,7.4,-43.9,43.9,1000.0,0.1,-17.0,272.0,10.0,10.0,10.0,1.0,-43.9,-17.0,272.0,10.0,10.0,10.0,MIXED,4.0,1.0,1.0,1.0,1.0,1.0,1.0,1.0,1.0,1.0,1.0,7.0,A,2217.0,2213.0,2221.0,"2217±4, ",NIPISSING N1,Buchan et al.,2000.0,Tectonophysics,319,167-198,Comparing the drift of Laurentia and Baltica in the Proterozoic: the importance of key palaeomagnetic poles,,\cite{Buchan2000a},,,10043
9,Laurentia-Slave,Dogrib dikes,9406,,C+,0.0,62.5,245.5,14.0,134.0,302.0,33.0,33.0,34.0,7.0,-31.0,315.0,7.0,7.0,7.0,1.0,33.0,-31.0,315.0,7.0,7.0,7.0,0,4.0,1.0,1.0,1.0,1.0,1.0,1.0,1.0,1.0,0.0,1.0,6.0,A,2193.0,2191.0,2195.0,"2193, U-Pb (b); authors",Dogrib dykes,"Mitchell, R.N., Bleeker, W., Van Breemen, O., LeCheminant, A.N., Peng, P., Nilsson, M.K.M., Evans, D.A.D.",2014.0,Am. J. Sci.,314,878-894,Plate tectonics before 2.0 Ga: Evidence from paleomagnetism of cratons within supercontinent Nuna,,\cite{Mitchell2014a},U–Pb baddeleyite date 2193 ± 2 Ma in \cite{Mitchell2014a},,10041
10,Laurentia-Superior(East),Biscotasing dikes,new,,C+,0.0,48.0,280.0,12.0,1000.0,263.9,60.4,60.4,1000.0,0.1,26.0,223.9,7.0,7.0,7.0,1.0,60.4,26.0,223.9,7.0,7.0,7.0,0or100,4.0,1.0,1.0,1.0,1.0,1.0,1.0,1.0,1.0,0.0,1.0,6.0,A,2169.5,2167.0,2172.0,"2167-2172, range of ages summarized in Halls et al. 2008",BISCOTASING,"Evans,D.A.D., Halls,H.C.",2010.0,Precambrian Res.,183,474-489,Restoring Proterozoic deformation within the Superior craton,,\cite{Evans2010a},,,10043
11,Laurentia-Wyoming,"Rabbit Creek, Powder River and South Path dikes",new,,"C+,Rc
",100.0,43.9,252.8,13.0,81.0,212.8,-59.0,59.0,48.5,6.0,65.5,339.2,7.6,7.6,7.6,1.0,-59.0,65.5,339.2,7.6,7.6,7.6,"15or85
",4.0,1.0,1.0,1.0,1.0,1.0,1.0,1.0,1.0,1.0,1.0,7.0,A,2160.0,2152.0,2171.0,"U-Pb baddeleyite: 2156+/-3  2154+/-3  2158+/-4  2164+/-7  2164+/-7 Ma
","Rabbit Creek, Powder River and South Path Dykes","Kilian, T.M., Bleeker, W., Chamberlain, K., Evans, D.A.D., Cousens, B.
",2015.0,"Geological Society, London, Special Publications",424,15–45,"Palaeomagnetism, geochronology and geochemistry of the Palaeoproterozoic Rabbit Creek and Powder River dyke swarms: implications for Wyoming in supercraton Superia",,\cite{Kilian2015a},,,10049
12,Laurentia-Slave,Indin dikes,9484,,C+,0.0,62.5,245.6,18.0,1000.0,300.0,-70.0,70.0,62.0,4.0,-36.0,256.0,7.0,7.0,7.0,1.0,-70.0,36.0,76.0,7.0,7.0,7.0,33or67,4.0,1.0,1.0,1.0,1.0,1.0,1.0,1.0,1.0,1.0,1.0,7.0,A,2126.0,2108.0,2129.0,"2126±3, U-Pb (b); authors and unpublished abstract cited therein",Indin dykes ,"Buchan, Kenneth L. and Mitchell, Ross N. and Bleeker, Wouter and Hamilton, Michael A. and LeCheminant, Anthony N.",2016.0,Precambrian Research,275,151-175,"Paleomagnetism of ca. 2.13–2.11 Ga Indin and ca. 1.885 Ga Ghost dyke swarms of the Slave craton: Implications for the Slave craton APW path and relative drift of Slave, Superior and Siberian cratons in the Paleoproterozoic",,\cite{Buchan2016a},"U–Pb baddeleyite date of 2126 ± 3, U-Pb \cite{Buchan2016a} and unpublished abstract cited in text",,10041
13,Laurentia-Superior(West),Marathon dikes N,H+08,,,0.0,49.0,275.0,,1000.0,296.9,59.2,59.2,1000.0,0.1,45.4,198.2,7.7,7.7,7.7,1.0,59.2,45.4,198.2,7.7,7.7,7.7,0or100,4.0,1.0,1.0,1.0,1.0,1.0,1.0,0.0,1.0,0.0,0.0,4.0,A,2123.5,2121.0,2126.0,"2121-2126, ",MARATHON N,"Halls,H.C., Davis,D.W., Stott,G.M., Ernst,R.E., Hamilton,M.A.",2008.0,Precambrian Res.,162,327-353,The Paleoproterozoic Marathon Large Igneous Province: New evidence for a 2.1 Ga long-lived mantle plume event along the southern margin of the North American Superior Province,Overlaps with Keweenawan Track,\cite{Halls2008a},,,10023
14,Laurentia-Superior(West),Marathon dikes R,H+08,,C+,0.0,49.0,275.0,,1000.0,134.4,-56.4,56.4,1000.0,0.1,55.1,182.2,7.5,7.5,7.5,1.0,-56.4,55.1,182.2,7.5,7.5,7.5,0or100,4.0,1.0,1.0,1.0,1.0,1.0,1.0,1.0,1.0,0.0,0.0,5.0,A,2103.5,2101.0,2106.0,"2101-2106, ",MARATHON R,"Halls,H.C., Davis,D.W., Stott,G.M., Ernst,R.E., Hamilton,M.A.",2008.0,Precambrian Res.,162,327-353,The Paleoproterozoic Marathon Large Igneous Province: New evidence for a 2.1 Ga long-lived mantle plume event along the southern margin of the North American Superior Province,Overlaps with Mesozoic APWP,\cite{Halls2008a},,,10023
15,Laurentia-Superior(West),Cauchon Lake dikes,new,,C+,0.0,56.0,263.0,,1000.0,123.3,-63.9,63.9,1000.0,0.1,53.8,180.9,7.7,7.7,7.7,1.0,-63.9,53.8,180.9,7.7,7.7,7.7,0or100,4.0,1.0,1.0,1.0,1.0,1.0,1.0,1.0,1.0,0.0,0.0,5.0,A,2091.0,2089.0,2093.0,"2091±2, ",CAUCHON LAKE,"Evans,D.A.D., Halls,H.C.",2010.0,Precambrian Res.,183,474-489,Restoring Proterozoic deformation within the Superior craton,Overlaps with Mesozoic APWP,\cite{Evans2010a},,,10023
16,Laurentia-Superior(West),Fort Frances dikes,new,,,0.0,48.0,266.0,,1000.0,117.2,-54.8,54.8,1000.0,0.1,42.8,184.6,6.1,6.1,6.1,1.0,-54.8,42.8,184.6,6.1,6.1,6.1,0or100,3.0,1.0,1.0,1.0,1.0,1.0,1.0,0.0,1.0,0.0,0.0,4.0,A,2076.5,2072.0,2081.0,"2076+5/-4, ",FORT FRANCES,"Evans,D.A.D., Halls,H.C.",2010.0,Precambrian Res.,183,474-489,Restoring Proterozoic deformation within the Superior craton,Overlaps with Keweenawan Track,\cite{Evans2010a},,,10023
17,Laurentia-Superior(East),Lac Esprit dikes,new,,,0.0,53.0,282.0,8.0,82.0,146.9,-56.4,56.4,1000.0,0.1,62.0,170.5,6.4,6.4,6.4,1.0,-56.4,62.0,170.5,6.4,6.4,6.4,0or100,4.0,1.0,1.0,1.0,1.0,1.0,1.0,0.0,1.0,0.0,1.0,5.0,A,2069.0,2068.0,2070.0,"2069±1, ",LAC ESPRIT,"Evans,D.A.D., Halls,H.C.",2010.0,Precambrian Res.,183,474-489,Restoring Proterozoic deformation within the Superior craton,Overlaps with Cenozoic,\cite{Evans2010a},,,10043
18,Laurentia-Greenland-Nain,Kangamiut dikes,3222,,,0.0,66.0,307.0,23.0,157.0,220.0,56.0,56.0,190.0,2.1,17.1,273.799988,2.2,3.2,2.65329983228432,1.0,56.0,17.1,273.799988,2.2,3.2,2.65329983228432,0or100,,1.0,1.0,1.0,1.0,1.0,0.0,1.0,1.0,0.0,0.0,4.0,B,2042.0,2030.0,2054.0,"2543, 2766, mixed polarity?",Kangamiut Dykes,"Fahrig, W.F., Bridgwater, D.",1976.0,Early Hist. of Earth,,427-439,Late Archean-Early Proterozoic paleomagnetic pole positions from West Greenland,Looks like Victoria Fjord and Tobacco Root,\cite{Fahrig1976b},,,10032
19,Laurentia-Slave,Lac de Gras dikes,100035,,"C*+,C+",0.0,64.4,249.6,10.0,54.0,338.2,-55.3,55.3,68.0,5.9,11.8,267.9,6.0,8.4,7.0992957397195395,1.0,-55.3,11.8,267.9,6.0,8.4,7.0992957397195395,0or100,4.0,1.0,1.0,1.0,1.0,1.0,1.0,1.0,1.0,0.0,1.0,6.0,A,2026.0,2021.0,2031.0,"2023±2, 2027±4 U-Pb baddeleyite, Buchan+09 CJES",Lac de Gras dykes,"Buchan,K.L., LeCheminant,A.N., van Breemen,O.",2009.0,Canad.J.Earth Sci.,46,361-379,"Paleomagnetism and U-Pb geochronology of the Lac de Gras diabase dyke swarm, Slave Province, Canada: implications for relative drift of Slave and Superior provinces in the Paleoproterozoic",,\cite{Buchan2009a},U–Pb baddeleyite ages of 2023 ± 2 and 2027 ± 4 Ma in \cite{Buchan2009a},,10041
20,Laurentia-Superior(East),Minto dikes,new,,,0.0,57.0,285.0,6.0,44.0,130.0,-37.2,37.2,1000.0,0.1,38.7,171.5,13.1,13.1,13.1,1.0,-37.2,38.7,171.5,13.1,13.1,13.1,MIXED,4.0,1.0,1.0,1.0,1.0,1.0,1.0,0.0,1.0,1.0,0.0,5.0,A,1998.0,1996.0,2000.0,"1998±2, ",MINTO,"Evans,D.A.D., Halls,H.C.",2010.0,Precambrian Res.,183,474-489,Restoring Proterozoic deformation within the Superior craton,Overlaps with Keweenawan Track,\cite{Evans2010a},,,10043
21,Laurentia-Slave,Rifle Formation,5915,,"Ro,C*+ (baked contact test with intruding Mara River Sheet at 1870 Ma)",100.0,65.900002,252.900002,22.0,65.0,86.0,25.0,25.0,12.0,9.0,14.0,341.0,6.0,10.0,7.745966692414834,0.6,37.9,20.9,337.5,6.3,10.6,8.2,23,3.0,1.0,1.0,1.0,1.0,1.0,1.0,1.0,1.0,1.0,0.0,6.0,B,1963.0,1957.0,1969.0,"1963±6, Bowring+Grotz 92",Rifle (Western River) Formation,"Evans,M.E., Hoye,G.S.",1981.0,Geol.Surv.Canada Paper 81-10,,191-202,"Paleomagnetic results from the Lower Proterozoic rocks of Great Slave Lake and Bathurst Inlet areas, Northwest Territories",,\cite{Evans1981a},,,10041
22,Laurentia-Rae,Clearwater Anorthosite,8429,A Magnetization,,0.0,57.099998,251.599998,8.0,115.0,112.300003,38.0,38.0,315.799988,3.1,6.5,311.799988,2.2,3.7,2.8530685235374214,1.0,38.0,6.5,311.799988,2.2,3.7,2.8530685235374214,0,4.0,1.0,1.0,1.0,1.0,1.0,1.0,0.0,0.0,0.0,1.0,4.0,B,1917.0,1910.0,1924.0,"1917±7, GPMDB4.6",Clearwater Anorthosite,"Halls,H.C., Hanes,J.A.",1999.0,Tectonophysics,312,235-248,"Paleomagnetism, anisotropy of magnetic susceptibility and argon-argon geochronology of the Clearwater anorthosite, Saskatchewan, Canada",,\cite{Halls1999a},Ar-Ar hornblende plateau in \cite{Halls1999a} interpretted as age of remanence,,10640
23,Laurentia-Wyoming,Sourdough mafic dike swarm,new,,"C+,Ro",0.0,44.7,-108.3,16.0,109.0,65.1,75.2,75.2,21.8,4.7,49.2,292.0,8.1,8.1,8.1,1.0,75.2,49.2,292.0,8.1,8.1,8.1,6or94,4.0,1.0,1.0,1.0,1.0,1.0,1.0,1.0,1.0,1.0,0.0,6.0,A,1899.0,1894.0,1904.0,"U-Pb baddeleyite: 1899+/-5 Ma
",Sourdough mafic dike swarm,"Kilian, T.M., Chamberlain, K.R., Evans, D.A.D., Bleeker, W., Cousens, B.L.",2016.0,Geology,44,863–866,Wyoming on the run—Toward  nal Paleoproterozoic assembly of Laurentia,Overlaps with Ediacaran poles,\cite{Kilian2016b},,,10049
24,Laurentia-Slave,Ghost Dike Swarm,new,,C+,0.0,62.6,244.6,23.0,1000.0,350.0,-48.0,48.0,32.0,5.0,-2.0,286.0,6.0,6.0,6.0,1.0,-48.0,2.0,106.0,6.0,6.0,6.0,74,4.0,1.0,1.0,1.0,1.0,1.0,1.0,1.0,1.0,1.0,0.0,6.0,A,1887.0,1878.0,1892.0,"1887±5, 1884±6 U-Pb baddeleyite; authors and unpublished abstract cited therein",Ghost Dike Swarm,"Buchan, Kenneth L. and Mitchell, Ross N. and Bleeker, Wouter and Hamilton, Michael A. and LeCheminant, Anthony N.",2016.0,Precambrian Research,275,151-175,"Paleomagnetism of ca. 2.13–2.11 Ga Indin and ca. 1.885 Ga Ghost dyke swarms of the Slave craton: Implications for the Slave craton APW path and relative drift of Slave, Superior and Siberian cratons in the Paleoproterozoic",Corresponds with Devonian pole,\cite{Buchan2016a},,,10041
25,Laurentia-Slave,Mean Seton/Akaitcho/Mara,new,,C*+,100.0,65.0,250.0,82.0,1000.0,169.5,34.0,34.0,1000.0,0.1,-6.0,260.0,4.0,4.0,4.0,1.0,34.0,-6.0,260.0,4.0,4.0,4.0,MIXED,3.0,1.0,1.0,1.0,1.0,1.0,1.0,1.0,1.0,1.0,1.0,7.0,B,1885.0,1880.0,1890.0,"regional correlations, Bowring+Grotz 92; Ghost dykes REF",MEAN Seton/Akaitcho/Mara,"Mitchell,R.N., Hoffman,P.F., Evans,D.A.D.",2010.0,Precambrian Res.,179,121-134,Coronation loop resurrected: Oscillatory apparent polar wander of Orosirian (2.05–1.8 Ga) paleomagnetic poles from Slave craton,,\cite{Mitchell2010c},,,10041
26,Laurentia-Slave,"Mean Kahochella, Peacock Hills",new,,,100.0,65.0,250.0,33.0,1000.0,145.4,16.9,16.9,1000.0,0.1,-12.0,285.0,7.0,7.0,7.0,0.6,26.9,-6.6,283.7,4.1,7.6,5.6,MIXED,2.0,1.0,1.0,1.0,1.0,1.0,0.0,0.0,1.0,1.0,1.0,5.0,B,1882.0,1878.0,1886.0,"regional correlations, Bowring+Grotz 92","MEAN Kahochella, Peacock Hills","Mitchell,R.N., Hoffman,P.F., Evans,D.A.D.",2010.0,Precambrian Res.,179,121-134,Coronation loop resurrected: Oscillatory apparent polar wander of Orosirian (2.05–1.8 Ga) paleomagnetic poles from Slave craton,,\cite{Mitchell2010c},,,10041
27,Laurentia-Superior(West),Molson (B+C2) dikes,new,,C+,0.0,55.0,262.0,,1000.0,248.6,66.7,66.7,1000.0,0.1,28.9,218.0,3.8,3.8,3.8,1.0,66.7,28.9,218.0,3.8,3.8,3.8,MIXED,4.0,1.0,1.0,1.0,1.0,1.0,1.0,1.0,1.0,1.0,1.0,7.0,A,1878.5,1873.0,1884.0,"1877+7/-4, ",MOLSON B+C2,"Evans,D.A.D., Halls,H.C.",2010.0,Precambrian Res.,183,474-489,Restoring Proterozoic deformation within the Superior craton,,\cite{Evans2010a},,,10023
28,Laurentia-Slave,"Douglas Peninsula Formation, Pethei Group",16,High temp.,Ro,100.0,62.799999,249.699997,6.0,43.0,172.0,18.0,18.0,14.0,19.0,-18.0,258.0,10.2,19.700001,14.17533104375344,0.8,22.1,-15.5,257.8,10.6,20.1,14.6,33,3.0,1.0,1.0,1.0,0.0,0.0,1.0,0.0,1.0,1.0,1.0,5.0,B,1876.0,1866.0,1886.0,"correlation across Slave:  older than 1870±4; younger than 1882±4, Davis+Bleeker 07 GAC abst, correln Mitchell+10","Douglas Peninsula Formation, Pethei Group","Irving,E., McGlynn,J.C.",1979.0,Geophys.J.Roy.Astron.Soc.,58,309-336,Palaeomagnetism in the Coronation Geosyncline and arrangements of continents in the middle Proterozoic,,\cite{Irving1979a},,,10041
29,Laurentia-Slave,Takiyuak Formation,18,,Ro,100.0,66.099998,246.900002,17.0,111.0,178.0,19.0,19.0,15.0,10.0,-13.0,249.0,8.0,8.0,8.0,0.6,29.9,-7.9,248.8,6.1,11.1,8.3,18,3.0,1.0,1.0,1.0,1.0,1.0,1.0,0.0,1.0,1.0,1.0,6.0,B,1876.0,1866.0,1886.0,"correlation across Slave:  older than 1870±4; younger than 1882±4, Davis+Bleeker 07 GAC abst, correln Mitchell+10",Takiyuak Formation,"Irving,E., McGlynn,J.C.",1979.0,Geophys.J.Roy.Astron.Soc.,58,309-336,Palaeomagnetism in the Coronation Geosyncline and arrangements of continents in the middle Proterozoic,,\cite{Irving1979a},,,10041
30,Laurentia-Superior,Haig/Flaherty/Sutton Mean ,new,site-weighted VGP means from 3 results,"C+,F+,Rc",100.0,56.2,281.0,27.0,100.0,38.7,-47.8,47.8,1000.0,0.1,1.0,245.8,3.9,3.9,3.9,1.0,3.5,-13.0,249.0,8.0,8.0,8.0,MIXED,3.0,1.0,1.0,1.0,1.0,1.0,1.0,1.0,1.0,1.0,1.0,7.0,B,1870.0,1869.0,1871.0,"1870±1, Hamilton+09 GAC",MEAN Haig/Flaherty/Sutton,LULEÅ WORKING GROUP MEAN,2009.0,,,,,,"Nordic workshop calculation based on data of \cite{Schmidt1980a, Schwarz1982a}",,,10023
31,Laurentia-Slave,Pearson A/Peninsular/Kilohigok sills,new,,C+,,65.0,250.0,22.0,1000.0,162.4,3.5,3.5,1000.0,0.1,-22.0,269.0,6.0,6.0,6.0,1.0,-47.8,1.0,245.8,3.9,3.9,3.9,MIXED,2.0,1.0,1.0,1.0,1.0,1.0,0.0,1.0,1.0,1.0,1.0,6.0,A,1870.0,1866.0,1874.0,"U-Pb on Kilohigok (Mara River) sill; Peninsular Sill, Davis+Bleeker 07 GAC abst",MEAN Pearson A/Peninsular sill/Kilohigok basin sill,"Mitchell,R.N., Hoffman,P.F., Evans,D.A.D.",2010.0,Precambrian Res.,179,121-134,Coronation loop resurrected: Oscillatory apparent polar wander of Orosirian (2.05–1.8 Ga) paleomagnetic poles from Slave craton,,\cite{Mitchell2010c},,,10041
32,Laurentia-Trans-Hudson orogen,Boot-Phantom Pluton,8359,,"Rc,C+",0.0,54.700001,258.099998,18.0,90.0,46.700001,83.199997,83.199997,72.0,4.1,62.400002,275.4,7.9,8.0,7.9498427657407165,1.0,83.199997,62.400002,279.399994,7.9,8.0,7.9498427657407165,6,4.0,1.0,1.0,1.0,1.0,1.0,1.0,1.0,0.0,1.0,1.0,6.0,B,1838.0,1837.0,1839.0,", GPMDB4.6",Boot-Phantom Pluton,"Symons,D.T.A., Mackay,C.D.",1999.0,Basement Tectonics,13,313-331,"Paleomagnetism of the Boot-Phantom pluton and the amalgamation of the Juvenile domains in the Paleoproterozoic Trans-Hudson Orogen, Canada",,\cite{Symons1999a},,,1000
33,Laurentia-Rae,Sparrow dikes,2642,,"Co,Ro",0.0,61.599998,250.199997,10.0,54.0,131.0,51.0,51.0,50.0,7.0,12.0,291.0,6.6,9.4,7.876547467006087,1.0,51.0,12.0,291.0,6.6,9.4,7.876547467006087,20,3.0,1.0,1.0,1.0,1.0,1.0,1.0,0.0,1.0,1.0,0.0,5.0,B,1827.0,1823.0,1831.0,"1827±4, new",Sparrow Dykes,"McGlynn,J.C., Hanson,G.N., Irving,E., Park,J.K.",1974.0,Canad.J.Earth Sci.,11,30-42,"Paleomagnetism and age of Nonacho Group Sandstones and associated Sparrow dikes, District of Mackenzie",Overlaps with Siluro-Devonian path,\cite{McGlynn1974a},,,10640
34,Laurentia-Rae,Martin Formation,2659,,"F+,Ro",100.0,59.599998,251.400002,15.0,56.0,322.5,-29.4,29.4,15.0,10.4,-9.0,288.0,6.3,11.5,8.511756575466665,0.6,-43.2,-0.2,104.8,8.0,12.9,10.2,60,2.0,1.0,1.0,1.0,1.0,1.0,0.0,1.0,1.0,1.0,0.0,5.0,A,1818.0,1814.0,1822.0,"1818±4, NEW",Martin Formation,"Evans,M.E., Bingham,D.K.",1973.0,Canad.J.Earth Sci.,10,1485-1493,"Paleomagnetism of the Precambrian Martin Formation, Saskatchewan",Overlaps with Siluro-Devonian path,\cite{Evans1973a},,,10640
35,Laurentia,Dubawnt Group,2737,,"C+,Rc",100.0,64.099998,265.599998,30.0,130.0,347.0,-50.0,50.0,17.0,7.0,7.0,277.0,8.0,8.0,8.0,0.6,-63.3,-19.4,95.3,8.7,11.0,9.8,63,3.0,1.0,1.0,1.0,1.0,1.0,1.0,1.0,1.0,1.0,0.0,6.0,B,1785.0,1750.0,1820.0,"possibly ca.1750 ovp (Th.Raub 08 PhD thesis); ages from eastern Baker Lake ca.1810 Ma, Rainbird ages, Th.Raub thesis",Dubawnt Group,"Park,J.K., Irving,E., Donaldson,J.A.",1973.0,Geol.Soc.Amer.Bull.,84,859-870,Paleomagnetism of the Dubawnt Group,Overlaps with a Devonian pole,\cite{Park1973a},,,1000
36,Laurentia,East Central Minnesota Batholith,,,,0.0,45.5,265.8,,,,,,,,20.4,265.8,,,4.5,,,,,,,,,,1.0,,,,,,,,,,,NR,1779.0,1781.0,1777.0,,,,,,,,,,\cite{Swanson-Hysell2021b},,,1000
37,Laurentia-Trans-Hudson orogen,Deschambault Pegmatites,8889,,,0.0,54.900002,256.699997,18.0,168.0,28.299999,82.099998,82.099998,77.5,4.0,67.5,276.0,7.6,7.8,7.699350621968063,1.0,82.099998,67.5,276.0,7.6,7.8,7.699350621968063,0or100,4.0,1.0,1.0,1.0,1.0,1.0,1.0,0.0,1.0,0.0,1.0,5.0,B,1766.0,1761.0,1771.0,", GPMDB4.6",Deschambault Pegmatites,"Symons, D.T.A., Symons, T.B., Lewchuk, M.T.",2000.0,Phys.Chem.Earth(A),25,479-487,"Paleomagnetism of the Deschambault Pegmatites: Stillstand and Hairpin at the end of the Paleoproterozoic Trans-Hudson Orogeny, Canada",,\cite{Symons2000a},not directly dated; dated elsewhere in domain by \cite{Chiarenzelli1989a},,1000
38,Laurentia-Trans-Hudson orogen,Jan Lake Granite,new,A component,,0.0,54.900002,257.199997,10.0,1000.0,166.7,73.2,73.2,27.6,10.0,24.3,264.3,16.0,17.9,16.923356641044943,1.0,73.2,24.3,264.3,16.0,17.9,16.923356641044943,0,4.0,1.0,1.0,1.0,1.0,1.0,1.0,0.0,0.0,0.0,0.0,3.0,B,1758.0,1757.0,1759.0,"1758±1, Bickford+05",Jan Lake Granite,"Gala,M.G., Symons,D.T.A., Palmer,H.C.",1995.0,"Saskatchewan Geol.Surv.Misc.Rpt., 95-4",,145-152,"Paleomagnetism of the Jan Lake Granite, Trans-Hudson Lake Orogen",,\cite{Gala1995a},\cite{Bickford2005a},Gala et al. 1995 make a division between VGPs based on their directions. This division doesn't correspond to lithology. They calculate two distinct poles (as well as an overall mean pole). It is unclear which one of these should be paired with the 1758± Bickford et al. (2005) date. For some reason the A grouping was chosen in the Nordic compilation.,1000
39,Laurentia,Cleaver dikes,9139,,"C+, C*+",0.0,67.5,241.970001,17.0,102.0,136.5,57.400002,57.400002,64.0,4.5,19.4,276.700012,6.1,6.1,6.1,1.0,57.400002,19.4,276.700012,6.1,6.1,6.1,0or100,4.0,1.0,1.0,1.0,1.0,1.0,1.0,1.0,1.0,0.0,1.0,6.0,A,1740.5,1736.0,1745.0,"ok, GPMDB4.6",Cleaver Dykes,"Irving,E., Baker,J., M. Hamilton,M., Wynne,P.J.",2004.0,Precambrian Res.,129,251-270,"Early Proterozoic geomagnetic field in western Laurentia: implications for paleolatitudes, local rotations and stratigraphy",,\cite{Irving2004a},,,1000
40,Laurentia-Greenland,Melville Bugt diabase dikes,100377,,,0.0,74.5834,302.974,9.0,54.0,33.1,-31.2,31.2,29.0,0.1,5.0,273.8,8.7,8.7,8.7,1.0,-31.2,5.0,273.8,8.7,8.7,8.7,44or56,,1.0,1.0,1.0,1.0,1.0,1.0,0.0,1.0,1.0,1.0,6.0,B,1633.0,1628.0,1638.0,"U-Pb badd (1635 +/- 2.7; 1632 +/- 1.1; 1629.4 +/- 0.8), mixed polarity ",Melville Bugt diabase,"Halls, Hamilton and Denyszyn",2011.0,Dyke Swarms: Keys for Geodynamic Interpretation,,,,,\cite{Halls2011a},,update to correct reference,10032
41,Laurentia,Western Channel Diabase,2669,,"Co,C+ in Irving+04",0.0,66.400002,242.199997,35.0,130.0,356.0,-50.0,50.0,35.0,6.0,9.0,245.0,5.1,8.6,6.622688275919379,1.0,-50.0,9.0,245.0,5.1,8.6,6.622688275919379,100,2.0,1.0,1.0,1.0,1.0,1.0,0.0,1.0,1.0,0.0,1.0,5.0,A,1590.0,1587.0,1593.0,"ca.1590, GAC 07 Yellowknife",Western Channel Diabase,"Irving,E., Donaldson,J.A., Park,J.K.",1972.0,Canad.J.Earth Sci.,9,960-971,"Paleomagnetism of the Western Channel Diabase and associated rocks, Northwest Territories",,\cite{Irving1972a},,,1000
42,Laurentia,St.Francois Mountains Acidic Rocks,8932,,"C*+,F+,G+",100.0,37.5,269.5,18.0,103.0,233.399994,36.900002,36.900002,27.0,6.8,-13.2,219.0,4.7,8.0,6.131883886702357,1.0,36.900002,-13.2,219.0,4.7,8.0,6.131883886702357,0or100,4.0,1.0,1.0,1.0,1.0,1.0,1.0,1.0,1.0,0.0,1.0,6.0,A,1476.0,1460.0,1492.0,"ok, GPMDB4.6",St.Francois Mountains Acidic Rocks,"Meert, J.G., Stuckey, W.",2002.0,Tectonics,21(2),"1007, doi:10.1029/2000TC001265","Revisiting the paleomagnetism of the 1.476 Ga St.Francois Mountains igneous province, Missouri.",,\cite{Meert2002b},"""The St. Francois Mountains (SFM) region of Missouri is a
1476 ± 16 Ma igneous province in central Laurentia (Figure 1;
mean age compiled from Van Schmus et al. [1993]""",,1000
43,Laurentia,Michikamau Intrusion,2274,Combined Result,"C+,Ro",0.0,54.5,296.0,12.0,54.0,259.5,11.0,11.0,43.0,6.5,-1.5,217.5,3.3,6.6,4.666904755831213,1.0,11.0,-1.5,217.5,3.3,6.6,4.666904755831213,8,3.0,1.0,1.0,1.0,1.0,1.0,1.0,1.0,0.0,1.0,1.0,6.0,A,1460.0,1455.0,1465.0,"ok, GPMDB4.6",Michikamau Intrusion Combined,"Emslie,R.F., Irving,E., Park,J.K.",1976.0,Canad.J.Earth Sci.,13,1052-1057,"Further paleomagnetic results from the Michikamau Intrusion, Labrador",,\cite{Emslie1976a},,,1000
44,Laurentia,Spokane Formation,9039,Primary,F+,100.0,48.200001,246.800003,8.0,231.0,206.300003,23.700001,23.700001,86.400002,6.0,-24.799999,215.5,4.7,4.7,4.7,0.6,36.2,-17.8,220.9,4.1,7.0,5.3,0,4.0,1.0,1.0,1.0,1.0,1.0,1.0,1.0,1.0,0.0,1.0,6.0,A,1457.5,1445.0,1470.0,"pre-1454±9, slightly revised from GPMDB4.6",Spokane Formation,"Elston, D.P., Enkin, R.J., Baker, J., Kisilevsky, D.K.",2002.0,Geol.Soc.Amer.Bull.,114,619-638,"Tightening the Belt: Paleomagnetic-stratigraphic constraints on deposition, correlation, and deformation of the Middle Proterozoic (ca. 1.4 Ga) Belt-Purcell Supergroup, United States and Canada",,\cite{Elston2002a},,,1000
45,Laurentia,Snowslip Formation,9038,Primary,"F+,Ro",100.0,47.900002,245.900002,9.0,295.0,30.9,-20.6,20.6,128.800003,4.6,-24.9,210.199997,3.5,3.5,3.5,0.6,-32.1,-19.1,214.7,2.9,5.2,3.9,MIXED,4.0,1.0,1.0,1.0,1.0,1.0,1.0,1.0,1.0,1.0,1.0,7.0,A,1449.5,1436.0,1463.0,"1436-1463, new lomagage",Snowslip Formation,"Elston, D.P., Enkin, R.J., Baker, J., Kisilevsky, D.K.",2002.0,Geol.Soc.Amer.Bull.,114,619-638,"Tightening the Belt: Paleomagnetic-stratigraphic constraints on deposition, correlation, and deformation of the Middle Proterozoic (ca. 1.4 Ga) Belt-Purcell Supergroup, United States and Canada",,\cite{Elston2002a},,,1000
46,Laurentia,Tobacco Root dikes,new,,,0.0,47.4,247.6,14.0,157.0,225.0,61.8,61.8,27.9,7.7,8.7,216.1,9.222039104250246,11.917189358462581,10.48335758602638,1.0,61.8,8.7,216.1,9.2,11.9,10.5,43or57,4.0,0.0,1.0,1.0,1.0,1.0,1.0,0.0,1.0,1.0,0.0,4.0,B,1448.0,1399.0,1497.0,", new",Tobacco Root Dykes - A combined,"Harlan, S.S., Geissman, J.W., Snee, L.W.",2008.0,Precambrian Res.,163,239-264,"Paleomagnetism of Proterozoic mafic dikes from the Tobacco Root Mountains, southwest Montana",Overlaps with Nain Anorthosite,\cite{Harlan2008a},,,1000
47,Laurentia,Purcell Lava,9037,Primary,F+,100.0,49.400002,245.099998,10.0,166.0,26.6,-25.700001,25.700001,64.0,6.1,-23.6,215.600006,4.8,4.8,4.8,1.0,-25.700001,-23.6,215.600006,4.8,4.8,4.8,100,4.0,1.0,1.0,1.0,1.0,1.0,1.0,1.0,1.0,0.0,0.0,5.0,A,1443.0,1436.0,1450.0,"ok, GPMDB4.6",Purcell Lava,"Elston, D.P., Enkin, R.J., Baker, J., Kisilevsky, D.K.",2002.0,Geol.Soc.Amer.Bull.,114,619-638,"Tightening the Belt: Paleomagnetic-stratigraphic constraints on deposition, correlation, and deformation of the Middle Proterozoic (ca. 1.4 Ga) Belt-Purcell Supergroup, United States and Canada",,\cite{Elston2002a},,,1000
48,Laurentia,Rocky Mountain intrusions,new,"3 studies (Electra Lake 8342, Laramie anorthosite 7493, Sherman 7494)",Ro,0.0,40.3,253.8,58.0,434.0,41.1,-46.6,46.6,1000.0,0.1,-11.9,217.4,9.7,9.7,9.7,1.0,-46.6,-11.9,217.4,9.7,9.7,9.7,MIXED,4.0,1.0,1.0,1.0,1.0,1.0,1.0,0.0,0.0,1.0,1.0,5.0,B,1430.0,1415.0,1445.0,"1415-1445, range of ages",MEAN Rocky Mountain intrusions,LULEÅ WORKING GROUP MEAN,2009.0,,,,,,"Nordic workshop calculation based on data of \cite{Harlan1994a,Harlan1998a}",,,1000
49,Laurentia,Mistastin Pluton,2271,,Ro,0.0,55.599998,296.299999,7.0,35.0,93.5,7.0,7.0,48.5,8.8,-1.0,201.5,7.6,7.6,7.6,1.0,7.0,-1.0,201.5,7.6,7.6,7.6,87,2.0,1.0,1.0,1.0,1.0,1.0,0.0,0.0,0.0,1.0,1.0,4.0,B,1425.0,1400.0,1450.0,"ca.1420, unpubl Emslie in Gower+Krogh 02",Mistastin Pluton,"Fahrig,W.F., Jones,D.L.",1976.0,Canad.J.Earth Sci.,13,832-837,"The paleomagnetism of the Helikian Mistatin pluton, Labrador, Canada",,\cite{Fahrig1976a},,,1000
50,Laurentia,McNamara Formation,9031,,"F+,Rc",100.0,46.900002,246.400002,10.0,195.0,37.200001,-36.599998,36.599998,42.799999,7.5,-13.5,208.300003,6.7,6.7,6.7,0.6,-51.1,-4.5,215.4,6.9,10.1,8.4,70,4.0,1.0,1.0,1.0,1.0,1.0,1.0,1.0,1.0,1.0,1.0,7.0,A,1401.0,1395.0,1407.0,"1401±6, GPMDB4.6",McNamara Formation,"Elston, D.P., Enkin, R.J., Baker, J., Kisilevsky, D.K.",2002.0,Geol.Soc.Amer.Bull.,114,619-638,"Tightening the Belt: Paleomagnetic-stratigraphic constraints on deposition, correlation, and deformation of the Middle Proterozoic (ca. 1.4 Ga) Belt-Purcell Supergroup, United States and Canada",,\cite{Elston2002a},,,1000
51,Laurentia,"Pilcher, Garnet Range and Libby Formations",9030,,F+,100.0,46.700001,246.400002,4.0,76.0,28.4,-32.5,32.5,102.199997,9.1,-19.200001,215.300003,7.7,7.7,7.7,0.6,-46.7,11.0,41.1,7.6,11.7,9.4,100,4.0,1.0,1.0,1.0,1.0,1.0,1.0,1.0,1.0,0.0,1.0,6.0,A,1384.5,1362.0,1407.0,"ok, GPMDB4.6","Pilcher, Garnet Range and Libby Formations","Elston, D.P., Enkin, R.J., Baker, J., Kisilevsky, D.K.",2002.0,Geol.Soc.Amer.Bull.,114,619-638,"Tightening the Belt: Paleomagnetic-stratigraphic constraints on deposition, correlation, and deformation of the Middle Proterozoic (ca. 1.4 Ga) Belt-Purcell Supergroup, United States and Canada",,\cite{Elston2002a},,,1000
52,Laurentia-Greenland,Victoria Fjord dolerite dikes,489,,C+,0.0,81.5,315.299999,12.0,92.0,265.200012,21.5,21.5,60.0,5.6,10.3,231.699997,3.1,5.9,4.27668095606862,1.0,21.5,10.3,231.699997,3.1,5.9,4.27668095606862,0or100,,1.0,1.0,1.0,1.0,1.0,1.0,1.0,1.0,0.0,1.0,6.0,B,1382.0,1380.0,1384.0,"correl'd to Midsommerso, corr.",Victoria Fjord Dolerite Dykes,"Abrahamsen, N., Van der Voo, R.",1987.0,Geophys.JRAS,91,597-611,Palaeomagnetism of middle Proterozoic (c.1.25 Ga) dykes from central North Greenland,,\cite{Abrahamsen1987a},,,10032
53,Laurentia-Greenland,Midsommersoe Dolerite,99,,,0.0,81.6,333.4,10.0,100.0,85.599998,-14.5,14.5,39.0,7.8,6.9,242.0,5.1,5.1,5.1,1.0,-14.5,6.9,242.0,5.1,5.1,5.1,0or100,,1.0,1.0,1.0,1.0,1.0,1.0,0.0,1.0,0.0,1.0,5.0,B,1382.0,1380.0,1384.0,"1382±2, d",Midsommersoe Dolerite,"Marcussen, C., Abrahamsen, N.",1983.0,Geophys.JRAS,73,367-387,"Palaeomagnetism of the Proterozoic Zig-Zag Dal Basalt and the Midsommerso dolerites, eastern North Greenland",,\cite{Marcussen1983a},,,10032
54,Laurentia-Greenland,Zig-Zag Dal Basalts,98,,,0.0,81.199997,334.799999,19.0,135.0,93.599998,-22.0,22.0,37.0,5.5,12.0,242.800003,3.8,3.8,3.8,1.0,-22.0,12.0,242.800003,3.8,3.8,3.8,0or100,,1.0,1.0,1.0,1.0,1.0,1.0,0.0,1.0,0.0,1.0,5.0,B,1382.0,1380.0,1384.0,"correl'd to Midsommerso, corr.",Zig-Zag Dal Basalts,"Marcussen, C., Abrahamsen, N.",1983.0,Geophys.JRAS,73,367-387,"Palaeomagnetism of the Proterozoic Zig-Zag Dal Basalt and the Midsommerso dolerites, eastern North Greenland",,\cite{Marcussen1983a},,,10032
55,Laurentia,Nain Anorthosite,2180,,Rb,0.0,56.5,298.200001,21.0,101.0,277.799988,17.4,17.4,116.0,3.0,11.7,206.699997,1.6,3.1,2.227105745132009,1.0,17.4,11.7,206.699997,1.6,3.1,2.227105745132009,24,3.0,1.0,1.0,1.0,1.0,1.0,1.0,0.0,0.0,1.0,1.0,5.0,B,1305.0,1290.0,1320.0,"ok; 1305±15, GPMDB4.6",Nain Anorthosite,"Murthy,G.S.",1978.0,Canad.J.Earth Sci.,15,516-525,Paleomagnetic results from the Nain anorthosite and their tectonic implications,,\cite{Murthy1978a},,,1000
56,Laurentia-Greenland,Kungnat Ring dike,2107,,,0.0,61.200001,311.700001,4.0,18.0,292.0,-15.4,15.4,455.0,4.3,3.4,198.699997,2.3,4.4,3.181194744117373,1.0,-15.4,3.4,198.699997,2.3,4.4,3.181194744117373,0or100,,1.0,0.0,1.0,1.0,0.0,1.0,0.0,1.0,0.0,1.0,4.0,B,1275.0,1273.0,1277.0,"Upton+03, f",Kungnat Ring Dyke,"Piper, J.D.A., Stearn, J.E.F.",1977.0,Physics Earth Planet. Int.,14,345-358,"Palaeomagnetism of the dyke swarms of the Gardar Igneous Province, South Greenland",,\cite{Piper1977b},,,10032
57,Laurentia-Greenland,North Qoroq intrusives,6607,,,0.0,61.15,314.6,12.0,65.0,295.700012,2.5,2.5,15.0,12.0,13.2,202.600006,5.9,11.7,8.308429454475737,1.0,2.5,13.2,202.600006,5.9,11.7,8.308429454475737,8or92,,1.0,1.0,1.0,1.0,1.0,1.0,0.0,0.0,1.0,1.0,5.0,B,1275.0,1274.0,1276.0,", f",North Qoroq Intr.,"Piper, J.D.A.",1992.0,Precambrian Res.,54,153-172,"The palaeomagnetism of major (Middle Proterozoic) igneous complexes, South Greenland and the Gardar apparent polar wander track",,\cite{Piper1992a},,,10032
58,Laurentia,Mackenzie dikes grand mean,B+00,"from Buchan+00, after Buchan+Halls 90",C+,0.0,65.0,250.0,5.0,1000.0,243.9,29.7,29.7,1000.0,0.1,4.0,190.0,5.0,5.0,5.0,1.0,29.7,4.0,190.0,5.0,5.0,5.0,0or100,3.0,1.0,1.0,1.0,1.0,1.0,1.0,1.0,1.0,0.0,1.0,6.0,A,1267.0,1265.0,1269.0,"ca.1267, GPMDB4.6",Mackenzie dykes grand mean,Buchan et al.,2000.0,Tectonophysics,319,167-198,Comparing the drift of Laurentia and Baltica in the Proterozoic: the importance of key palaeomagnetic poles,,\cite{Buchan2000a},,,1000
59,Laurentia-Greenland,West Gardar Dolerite dikes,2106,,,0.0,61.200001,311.700001,24.0,138.0,291.5,-3.3,3.3,11.0,9.4,8.700000000000001,201.699997,4.7,9.4,6.646803743153547,1.0,-3.3,8.700000000000001,201.699997,4.7,9.4,6.646803743153547,0or100,,1.0,1.0,1.0,1.0,1.0,1.0,0.0,1.0,0.0,1.0,5.0,B,1243.5,1236.0,1251.0,"1236-1251, f",West Gardar Dolerite Dykes,"Piper, J.D.A., Stearn, J.E.F.",1977.0,Physics Earth Planet. Int.,14,345-358,"Palaeomagnetism of the dyke swarms of the Gardar Igneous Province, South Greenland",,\cite{Piper1977b},,,10032
60,Laurentia-Greenland,West Gardar Lamprophyre dikes,2108,,,0.0,61.200001,311.700001,9.0,51.0,284.799988,-8.600000000000001,8.600000000000001,28.0,10.0,3.2,206.399994,5.1,10.1,7.177046746399245,1.0,-8.600000000000001,3.2,206.399994,5.1,10.1,7.177046746399245,0or100,,1.0,1.0,1.0,1.0,1.0,1.0,0.0,1.0,0.0,1.0,5.0,B,1238.0,1227.0,1249.0,"CHECK AGE, f",West Gardar Lamprophyre Dykes,"Piper, J.D.A., Stearn, J.E.F.",1977.0,Physics Earth Planet. Int.,14,345-358,"Palaeomagnetism of the dyke swarms of the Gardar Igneous Province, South Greenland",,\cite{Piper1977b},,,10032
61,Laurentia,Sudbury dikes Combined,2175,Combined Result,C+,0.0,46.299999,278.599998,52.0,205.0,265.200012,2.3,2.3,1000.0,3.5,-2.5,192.800003,2.5,2.5,2.5,1.0,2.3,-2.5,192.800003,2.5,2.5,2.5,0,3.0,1.0,1.0,1.0,1.0,1.0,1.0,1.0,1.0,0.0,1.0,6.0,A,1237.0,1232.0,1242.0,"ok on age; demag good in Stupavsky+Symons 82; and also maybe Schwarz+Buchan 82, GPMDB4.6",Sudbury Dykes Combined,"Palmer,H.C., Merz,B.A., Hayatsu,A.",1977.0,Canad.J.Earth Sci.,14,1867-1887,"The Sudbury dikes of the Grenville Front region: paleomagnetism, petrochemistry, and K-Ar age studies",,\cite{Palmer1977a},,,1000
62,Laurentia-Scotland,Stoer Group,NEW,"sample-weighted mean of (Stewart+Irving 74, Smith+83, TS87 Achiltibuie, TS87 Stoer, Darabi+Piper 04, Borradaile+Geneviciene 08)",many,100.0,58.0,354.5,,610.0,310.8,34.7,34.7,1000.0,0.1,37.2,238.4,7.7,7.7,7.7,0.6,49.1,46.4,246.3,7.7,7.7,7.7,MIXED,4.0,0.0,1.0,1.0,1.0,1.0,1.0,1.0,1.0,1.0,0.0,5.0,B,1199.0,1129.0,1269.0,"1199±70, ",MEAN Stoer Group,LULEÅ WORKING GROUP MEAN,2009.0,,,,,Overlaps with Keweenawan Track,Nordic workshop calculation,,,10258
63,Laurentia-Greenland,Hviddal Giant dike,2132,,,0.0,60.900002,313.700001,7.0,38.0,294.299988,42.700001,42.700001,38.0,9.8,33.200001,215.300003,7.6,12.2,9.629122493768577,1.0,42.700001,33.200001,215.300003,7.6,12.2,9.629122493768577,0or100,,1.0,1.0,1.0,1.0,1.0,1.0,0.0,1.0,0.0,1.0,5.0,B,1184.0,1179.0,1189.0,"1184±5, f",Hviddal Giant Dyke,"Piper, J.D.A.",1977.0,BGS Denmark,26,85-94,"Palaeomagnetism of the giant dykes of Tugtutoq and Narssaq Gabbro, Gardar Igneous Province, South Greenland",,\cite{Piper1977a},,,10032
64,Laurentia-Greenland,Narssaq Gabbro,2133,,,0.0,60.900002,313.799999,4.0,22.0,285.299988,46.79999900000001,46.79999900000001,97.0,9.4,31.6,225.399994,7.8,12.1,9.714936952960631,1.0,46.79999900000001,31.6,225.399994,7.8,12.1,9.714936952960631,0or100,,1.0,0.0,1.0,1.0,0.0,1.0,0.0,1.0,0.0,1.0,4.0,B,1184.0,1179.0,1189.0,"1184±5 assoc'd with Hviddal giant dyke, f",Narssaq Gabbro,"Piper, J.D.A.",1977.0,BGS Denmark,26,85-94,"Palaeomagnetism of the giant dykes of Tugtutoq and Narssaq Gabbro, Gardar Igneous Province, South Greenland",,\cite{Piper1977a},,,10032
65,Laurentia-Greenland,South Qoroq Intr.,6610,,,0.0,61.15,314.6,9.0,67.0,299.899994,51.200001,51.200001,20.0,12.0,41.79999900000001,215.899994,10.8,15.9,13.104197800704934,1.0,51.200001,41.79999900000001,215.899994,10.8,15.9,13.104197800704934,0or100,,1.0,1.0,1.0,1.0,1.0,1.0,1.0,0.0,0.0,1.0,5.0,A,1163.0,1161.0,1165.0,"1160±8 Rb-Sr, also 1163±2 U-Pb on assoc'd younger giant dykes, f",South Qoroq Intr.,"Piper, J.D.A.",1992.0,Precambrian Res.,54,153-172,"The palaeomagnetism of major (Middle Proterozoic) igneous complexes, South Greenland and the Gardar apparent polar wander track",,\cite{Piper1992a},,,10032
66,Laurentia-Greenland,Giant Gabbro dikes,2131,,,0.0,60.900002,313.700001,13.0,73.0,292.200012,56.5,56.5,30.0,7.6,42.29999900000001,226.100006,8.0,11.1,9.423375191511797,1.0,56.5,42.29999900000001,226.100006,8.0,11.1,9.423375191511797,0or100,,1.0,1.0,1.0,1.0,1.0,1.0,0.0,1.0,0.0,1.0,5.0,B,1163.0,1161.0,1165.0,"1163±2, f",Giant Gabbro Dykes,"Piper, J.D.A.",1977.0,BGS Denmark,26,85-94,"Palaeomagnetism of the giant dykes of Tugtutoq and Narssaq Gabbro, Gardar Igneous Province, South Greenland",,\cite{Piper1977a},,,10032
67,Laurentia-Greenland,NE-SW Trending dikes,6609,,,0.0,61.15,314.6,18.0,102.0,282.899994,50.900002,50.900002,46.0,5.0,33.400002,230.800003,4.7,6.9,5.694734409961539,1.0,50.900002,33.400002,230.800003,4.7,6.9,5.694734409961539,0or100,,1.0,1.0,1.0,1.0,1.0,1.0,0.0,1.0,0.0,1.0,5.0,B,1160.0,1155.0,1165.0,"younger than 1163 giant dykes, older than 1156±1 central Tugtutoq pluton, s",NE-SW Trending Dyke Swarm,"Piper, J.D.A.",1992.0,Precambr.Res.,54,153-172,"The palaeomagnetism of major (Middle Proterozoic) igneous complexes, South Greenland and the Gardar apparent polar wander track",,\cite{Piper1992a},,,10032
68,Laurentia,Ontario lamprophyre dikes,new,,"baked contact test, reversal test",0.0,48.8,273.3,19.0,121.0,306.4,72.1,72.1,30.5,8.4,58.0,223.3,9.2,9.2,9.2,,,,,,,,74,4.0,1.0,1.0,1.0,1.0,1.0,1.0,1.0,1.0,1.0,1.0,7.0,NR,1143.0,1131.0,1155.0,"1143 ± 12 U-Pb perovskite, 1145 + 15/10 U-Pb perovskite, 1141 ± 9 U-Pb perovskite, 1144 ± 7 40Ar/39Ar phlogopite dates in Queen et al. (1996)",Ontario lamprophyre dykes,Piispa et al,2018.0,,,,,,\cite{Piispa2018a},,"newly added (we should discuss rating — I think that 'A' makes sense given field tests, Q of 7 rating, and context although ages are a bit tricky)",1000
69,Laurentia,Abitibi dikes,7193,,"C+,R? (revision to exclude A1)",0.0,48.0,279.0,7.0,197.0,295.0,65.5,65.5,41.0,9.5,48.8,215.5,14.1,14.1,14.1,1.0,65.5,48.8,215.5,14.1,14.1,14.1,15or85,4.0,1.0,1.0,1.0,1.0,1.0,1.0,1.0,1.0,1.0,1.0,7.0,A,1141.0,1139.0,1143.0,"1141±2; lomagage should be changed to 1139.  Note dyke A1 no longer part of swarm: redated by Halls+08 at 2170 Ma, GPMDB4.6",Abitibi Dykes,"Ernst,R.E., Buchan,K.L.",1993.0,Canad.J.Earth Sci.,30,1886-1897,"Paleomagnetism of the Abitibi dyke swarm, southern Superior Province, and implications for the Logan Loop",,\cite{Ernst1993a},,,1000
70,Laurentia,Nipigon sills and lavas,new,"8-unit mean of: Inspiration sills, Pillar Lake lava, Seagull intrusion (Borradaile+06), Nipigon sills (Middleton+04), Logan sills R x3 (Pesonen 79, Robertson+Fahrig 71, Palmer 70), Thunder Bay R dykes (Pesonen 79)",C*+,0.0,49.1,270.9,86.0,1000.0,107.6,-70.9,70.9,1000.0,0.1,47.2,217.8,4.0,4.0,4.0,1.0,-70.9,47.2,217.8,4.0,4.0,4.0,100,3.0,1.0,1.0,1.0,1.0,1.0,1.0,1.0,1.0,0.0,1.0,6.0,A,1109.0,1107.0,1111.0,"range of ages with uncertainties, Davis+Sutcliffe 85; Heaman+07",MEAN Nipigon sills and lavas,LULEÅ WORKING GROUP MEAN,2009.0,,,,,,"Nordic workshop calculation based on data of \cite{Palmer1970a, Robertson1971a, Pesonen1979a, Pesonen1979b, Middleton2004a, Borradaile2006a}",,,1000
71,Laurentia,Lowermost Mamainse Point volcanics -R1,new,,G*+,100.0,47.1,275.3,24.0,117.0,112.5,-72.9,72.9,29.0,0.1,49.5,227.0,5.3,5.3,5.3,1.0,-72.9,49.5,227.0,5.3,5.3,5.3,100,4.0,1.0,1.0,1.0,1.0,1.0,1.0,1.0,1.0,1.0,1.0,7.0,A,1109.0,1106.0,1111.0,"older than 1107 +/- 2 constraint on Siemens Ck Fm, Swanson-Hysell et al. 2014 Geology",Lowermost Mamainse Point volcanics -R1,"Swanson-Hysell, N.L., Burgess, S.D., Maloof, A.C., Bowring, S.A.",2014.0,Geology,42,475-478,,,\cite{Swanson-Hysell2014a},,,1000
72,Laurentia,Lower Osler volcanics -R,9515,,Ro,100.0,48.8,272.3,30.0,179.0,99.3,-68.0,68.0,62.2,3.4,40.9,218.6,4.8,4.8,4.8,1.0,-68.0,40.9,218.6,4.8,4.8,4.8,100,4.0,1.0,1.0,1.0,1.0,1.0,1.0,0.0,1.0,1.0,1.0,6.0,A,1108.0,1105.0,1111.0,"interpolated 1109; has to be older then 1107.5 +4/-2 intrusion, Swanson-Hysell et al., 2014 G3",Lower third Osler volcanics -R,"Swanson-Hysell, N., Vaughan, A.A., Mustain, M.R., Asp, K.E.",2014.0,Geochem. Geophys. Geosyst.,15,2039-2047,,,\cite{Swanson-Hysell2014b},,,1000
73,Laurentia,Middle Osler volcanics -R,new,,Ro,100.0,48.8,272.4,20.0,139.0,105.9,-64.9,64.9,36.5,5.5,42.7,211.3,8.2,8.2,8.2,1.0,-64.9,42.7,211.3,8.2,8.2,8.2,100,4.0,1.0,1.0,1.0,1.0,1.0,1.0,0.0,1.0,1.0,1.0,6.0,A,1106.5,1103.0,1110.0,"interpolated 1107, Swanson-Hysell et al., 2014 G3",Middle third Osler volcanics -R,"Swanson-Hysell, N., Vaughan, A.A., Mustain, M.R., Asp, K.E.",2014.0,Geochem. Geophys. Geosyst.,15,2039-2047,,,\cite{Swanson-Hysell2014b},,,1000
74,Laurentia,Upper Osler volcanics -R,9514,"incorporates Halls 1974; n.b. uppermost Osler has four flows with N polarity -not used here, but pass of Voo # 6; fold test positive >99% though not stated by authors","Ro,F+",100.0,48.7,272.4,59.0,346.0,110.7,-60.9,60.9,1000.0,0.1,42.3,203.4,3.7,3.7,3.7,1.0,-60.9,42.3,203.4,3.7,3.7,3.7,100,4.0,1.0,1.0,1.0,1.0,1.0,1.0,1.0,1.0,1.0,1.0,7.0,A,1105.0,1104.0,1106.0,"Agate Pt rhyolite 1105.15 ± 0.3 U-Pb, interbedded with Osler R sites associated with this pole (Swanson-Hysell et al. 2019)",Upper third Osler volcanics -R,"Swanson-Hysell, N. et al",2019.0,GSA Bulletin,,,,,"\cite{Halls1974a, Swanson-Hysell2014b, Swanson-Hysell2019a}",,add data from Swanson-Hysell et al. 2019,1000
75,Laurentia,Lower Mamainse Point volcanics -R2,new,,"G*+,R+",100.0,47.1,275.3,14.0,57.0,106.2,-58.3,58.3,69.0,0.1,37.5,205.2,4.5,4.5,4.5,1.0,-58.3,37.5,205.2,4.5,4.5,4.5,100,4.0,1.0,1.0,1.0,1.0,1.0,1.0,1.0,1.0,1.0,1.0,7.0,A,1105.0,1101.0,1108.0,"1105 by comparison with Osler R Upper third direction , Swanson-Hysell et al. 2014 Geology",Lower Mamainse Point volcanics -R2,"Swanson-Hysell, N.L., Burgess, S.D., Maloof, A.C., Bowring, S.A.",2014.0,Geology,42,475-478,,,\cite{Swanson-Hysell2014a},,,1000
76,Laurentia,"Mamainse Point volcanics -C (lower N, upper R)",new,,"G*+,Ro",100.0,47.1,275.3,24.0,96.0,293.8,47.1,47.1,34.0,0.1,36.1,189.7,4.9,4.9,4.9,1.0,47.1,36.1,189.7,4.9,4.9,4.9,42,4.0,1.0,1.0,1.0,1.0,1.0,1.0,1.0,1.0,1.0,1.0,7.0,A,1101.0,1100.0,1102.0,"1100.36±0.25 U-Pb z , Swanson-Hysell et al. 2014 Geology","Mamainse Point volcanics -C (lower N, upper R)","Swanson-Hysell, N.L., Burgess, S.D., Maloof, A.C., Bowring, S.A.",2014.0,Geology,42,475-478,,,\cite{Swanson-Hysell2014a},,,1000
77,Laurentia,North Shore lavas -N,new,"recalculated from all N lavas, excluding intrusives, sites above unconformity",Ro,100.0,46.3,268.7,61.0,279.0,293.9,44.0,44.0,41.9,0.1,31.1,181.7,2.1,2.1,2.1,1.0,44.0,31.1,181.7,2.1,2.1,2.1,0,4.0,1.0,1.0,1.0,1.0,1.0,1.0,0.0,1.0,1.0,1.0,6.0,A,1097.0,1094.0,1100.0,"1098.4±2.0; 1096.6±1.8, Tauxe, L., Kodama, K.P., 2009",North Shore lavas -N,"Tauxe, L., Kodama, K.P.",2009.0,Phys. Earth Plan. Int.,177,31-45,,,"\cite{Tauxe2009a,Swanson-Hysell2019a}",,add data from Swanson-Hysell et al. 2019,1000
78,Laurentia,Chengwatana Volcanics,8163,,Ro,100.0,45.400002,267.300003,8.0,60.0,287.5,45.8,45.8,48.5,8.0,30.9,186.1,6.5,10.3,8.182297965730655,1.0,45.8,30.9,186.1,6.5,10.3,8.182297965730655,25,4.0,1.0,1.0,1.0,1.0,1.0,1.0,0.0,1.0,1.0,1.0,6.0,B,1095.0,1093.0,1097.0,"1094.6±2.1, Zartman+97",Chengwatana Volcanics,"Kean,W.F., Williams.,I., Chan,L., Feeney,J.",1997.0,Geophys.Res.Lett.,24,1523-1526,"Magnetism of the Keweenawan age Chengwatana lava flows, northwest Wisconsin",,\cite{Kean1997a},,,1000
79,Laurentia,Portage Lake Volcanics,new,A (MAG),"G*+, F+",100.0,47.0,271.2,28.0,1000.0,291.2,31.3,31.3,24.5,5.6,27.5,182.5,2.3,2.3,2.3,1.0,31.3,27.5,182.5,2.3,2.3,2.3,0,4.0,1.0,1.0,1.0,1.0,1.0,1.0,1.0,1.0,0.0,1.0,6.0,A,1095.0,1092.0,1098.0,"1095±3, Davis+Paces 90",Portage Lake Volcanics,Hnat et al.,2006.0,Tectonophysics,425,,,,"\cite{Books1972a, Hnat2006a} as calculated in \cite{Swanson-Hysell2019a}",,updated pole based on calculation made in Swanson-Hysell et al. 2019,1000
80,Laurentia,Uppermost Mamainse Point volcanics -N,new,,"G*+,R+",100.0,47.1,275.3,34.0,198.0,293.7,37.5,37.5,92.0,0.1,31.2,183.2,2.5,2.5,2.5,1.0,37.5,31.2,183.2,2.5,2.5,2.5,0,4.0,1.0,1.0,1.0,1.0,1.0,1.0,1.0,1.0,1.0,1.0,7.0,A,1094.0,1090.0,1100.0,"1097; comparison to N Shore volcanic group, Swanson-Hysell et al. 2014 Geology",Uppermost Mamainse Point volcanics -N,"Swanson-Hysell, N.L., Burgess, S.D., Maloof, A.C., Bowring, S.A.",2014.0,Geology,42,475-478,,,\cite{Swanson-Hysell2014a},,update ages based on Swanson-Hysell et al. 2019,1000
81,Laurentia,Cardenas Basalts and Intrusions,9073,,"Co,Fo",100.0,36.080002,248.129997,16.0,114.0,285.5,57.0,57.0,33.900002,6.4,32.0,185.0,6.8,9.3,7.952358140828418,1.0,57.0,32.0,185.0,6.8,9.3,7.952358140828418,0,4.0,1.0,1.0,1.0,1.0,1.0,1.0,0.0,1.0,0.0,1.0,5.0,B,1091.0,1086.0,1096.0,"1091±5, GPMDB4.6",Cardenas Basalts and Intrusions,"Weil,A.B., Geissman,J.W., Heizler,M., Van der Voo,R.",2003.0,Tectonophysics,375,199-220,"Paleomagnetism of Middle Proterozoic mafic intrusions and Upper Proterozoic (Nankoweap) red beds from the Lower Grand Canyon Supergroup, Arisona",,\cite{Weil2003a},,,1000
82,Laurentia,Schroeder Lutsen Basalts,new,,,100.0,47.5,269.1,50.0,378.0,282.8,42.4,42.4,39.6,3.2,27.1,187.8,3.0,3.0,3.0,1.0,42.4,27.1,187.8,3.0,3.0,3.0,0,4.0,1.0,1.0,1.0,1.0,1.0,1.0,0.0,1.0,0.0,1.0,5.0,A,1090.0,1083.0,1092.0,Unit is younger than 1091.61 ± 0.14 Ma (U-Pb date on intrusion that is unconformably overlain),Schroeder Lutsen Basalts,"Fairchild, Luke M. and Swanson-Hysell, Nicholas L. and Ramezani, Jahandar and Sprain, Courtney J. and Bowring, Samuel A.",2017.0,Lithosphere,9,117-133,The end of Midcontinent Rift magmatism and the paleogeography of Laurentia,,\cite{Fairchild2017a},,,1000
83,Laurentia,Central Arizona diabases -N,new,"note also R group: 4 dykes very steep up (poor A95) + one antipodal direction dyke for each N, R group",,0.0,33.7,249.2,13.0,139.0,274.8,38.7,38.7,30.4,7.6,15.7,175.3,5.4,9.1,7.009992867328753,1.0,38.7,15.7,175.3,5.4,9.1,7.009992867328753,0,4.0,1.0,1.0,1.0,1.0,1.0,1.0,0.0,1.0,0.0,1.0,5.0,A,1088.0,1077.0,1099.0,"1088±11 in Donadini+12 ext abst (ignoring the 1085 age due to problems with that site, two polarities, 2 ages), Donadini et al 2011",Central Arizona diabases -N,"Donadini, F., Pesonen, L.J., Korhonen, K., Deutsch, A., Harlan, S.S.",2011.0,Geophysica,47,,,,\cite{Donadini2011b},,,1000
84,Laurentia,Lake Shore Traps,new,incorporates Diehl et al 1994 CJES,(C+ from Palmer+81; F+ implicit in good grouping after tilt-correction),100.0,47.599998,271.900002,31.0,374.0,283.0,35.7,35.7,1000.0,0.1,23.1,186.4,4.0,4.0,4.0,1.0,35.7,23.1,186.4,4.0,4.0,4.0,0,4.0,1.0,1.0,1.0,1.0,1.0,1.0,1.0,1.0,0.0,1.0,6.0,A,1086.0,1085.0,1087.0,"1085.67 ± 0.2 date in andesite, Fairchild et al. 2017",Lake Shore Traps,"Kulakov, E.V., Smirnov, A.V., Diehl, J.F.",2013.0,Canad.J.Earth Sci.,50,1085-1096,,,\cite{Kulakov2013a},,update ages based on Swanson-Hysell et al. 2019,1000
85,Laurentia,Michipicoten Island Formation,new,,,100.0,47.7,274.3,23.0,193.0,288.3,12.0,12.0,30.0,5.6,17.0,174.7,4.4,4.4,4.4,1.0,12.0,17.0,174.7,4.4,4.4,4.4,0,4.0,1.0,1.0,1.0,1.0,1.0,1.0,0.0,1.0,0.0,0.0,4.0,A,1084.0,1083.0,1085.0,"All VGPs between U-Pb zircon dates of 1084.35 ± 0.20 Ma and 1083.52 ± 0.23
Ma; Fairchild et al. 2017",Michipicoten Island Formation,"Fairchild, Luke M. and Swanson-Hysell, Nicholas L. and Ramezani, Jahandar and Sprain, Courtney J. and Bowring, Samuel A.",2017.0,Lithosphere,9,117-133,The end of Midcontinent Rift magmatism and the paleogeography of Laurentia,,\cite{Fairchild2017a},,,1000
86,Laurentia,Nonesuch Shale,2053,,Fo,100.0,47.0,271.5,11.0,27.0,276.799988,8.1,8.1,35.0,7.8,7.6,178.100006,3.9,7.8,5.5154328932550705,0.6,13.3,9.6,181.2,4.1,8.0,5.7,0,3.0,1.0,1.0,1.0,1.0,1.0,1.0,0.0,1.0,0.0,0.0,4.0,B,1080.0,1070.0,1084.0,", Wingate+02 est",Nonesuch Shale,"Henry,S.G., Mauk,F.J., Van der Voo,R.",1977.0,Canad.J.Earth Sci.,14,1128-1138,Paleomagnetism of the Upper Keweenawan sediments: the Nonesuch Shale and Freda Sandstone,,\cite{Henry1977a},,update ages based on Swanson-Hysell et al. 2019,1000
87,Laurentia,Freda Sandstone,2051,High temp.,Fo,100.0,47.0,271.5,20.0,85.0,272.399994,1.5,1.5,32.0,5.9,2.2,179.0,3.0,5.9,4.207136793592526,0.6,2.5,2.6,180.6,3.0,5.9,4.2,0,3.0,1.0,1.0,1.0,1.0,1.0,1.0,0.0,1.0,0.0,0.0,4.0,B,1070.0,1060.0,1084.0,"looser age constraints than listed in GPMDB4.6, Wingate+02 est",Freda Sandstone,"Henry,S.G., Mauk,F.J., Van der Voo,R.",1977.0,Canad.J.Earth Sci.,14,1128-1138,Paleomagnetism of the Upper Keweenawan sediments: the Nonesuch Shale and Freda Sandstone,Overlaps with Cambrian,\cite{Henry1977a},,update ages based on Swanson-Hysell et al. 2019,1000
88,Laurentia,Haliburton Intrusions,9165,A Component,,0.0,45.0,281.400002,17.0,59.0,277.5,-71.800003,71.800003,23.0,3.8,-32.599998,141.899994,5.9,6.7,6.287288763847259,1.0,-71.800003,-32.599998,141.899994,5.9,6.7,6.287288763847259,0or100,4.0,1.0,1.0,1.0,1.0,1.0,1.0,0.0,0.0,0.0,0.0,3.0,B,1015.0,1000.0,1030.0,"ok, GPMDB4.6",Haliburton Intrusions,"Warnock,A.C., Kodama,K.P., Zeitler,P.K.",2000.0,J.Geophys.Res.,105,19435-19453,Using thermochronometry and low-temperature demagnetization to accurately date Precambrian paleomagnetic poles,Overlaps with steep Ediacaran,\cite{Warnock2000a},,,1000
89,Laurentia,Adirondack Microcline gneiss,,,,,44.0,285.0,,,,,,,,-18.4,151.1,9.3,11.8,10.475686135046239,,,,,,,,,,,,,,,,,,,,,NR,960.0,940.0,980.0,cooling age estimate,,,,,,,,,\cite{Brown2012a},,,1000
90,Laurentia,"Adirondack metamorphic
anorthosites",,,,,44.0,286.0,,,,,,,,-25.1,149.0,10.6,12.7,11.602585918664856,,,,,,,,,,,,,,,,,,,,,NR,970.0,950.0,990.0,cooling age estimate,,,,,,,,,\cite{Brown2012a},,,1000
91,Laurentia,Adirondack fayalite granite,,,,,44.0,285.5,,,,,,,,-28.4,132.7,6.7,7.2,6.945502141674136,,,,,,,,,,,,,,,,,,,,,NR,990.0,970.0,1010.0,cooling age estimate,,,,,,,,,\cite{Brown2012a},,,1000
92,Laurentia-Scotland,Torridon Group,NEW,"sample-weighted mean of (Irving+Runcorn 57, Stewart+Irving 74, Smith+83, Torsvik+Sturt 87, Potts 90, Williams+Schmidt 97, Borradaile+Geneviciene 08)",many,100.0,57.9,354.3,,880.0,119.6,56.7,56.7,1000.0,0.1,-17.7,220.9,7.1,7.1,7.1,0.6,68.5,30.2,32.8,7.1,7.1,7.1,MIXED,4.0,0.0,1.0,1.0,1.0,1.0,1.0,1.0,1.0,1.0,0.0,5.0,B,925.0,780.0,1070.0,,MEAN Torridon Group,LULEÅ WORKING GROUP MEAN,2009.0,,,,,Overlaps with Long Range Dikes,Nordic workshop calculation,,,10258
93,Laurentia-Svalbard,Lower Grusdievbreen Formation,new,,Fo,100.0,79.0,18.0,4.0,53.0,354.4,16.1,16.1,39.9,14.7,19.6,204.9,7.8,15.1,10.852649446103012,0.8,19.8,21.2,203.9,8.0,15.4,11.1,MIXED,4.0,1.0,1.0,1.0,1.0,1.0,1.0,0.0,0.0,1.0,1.0,5.0,B,830.5,811.0,850.0,"pre-Bitter Springs, authors",Lower Grusdievbreen Formation,"Maloof,A.C., Halverson,G.P., Kirschvink,J.L., Schrag,D.P., Weiss,B.P., Hoffman,P.F.",2006.0,Geol.Soc.Am.Bulletin,118,1099-1124,"Combined paleomagnetic, isotopic, and stratigraphic evidence for true polar wander from the Neoproterozoic Akademikerbreen Group, Svalbard, Norway",,\cite{Maloof2006a},,,10296
94,Laurentia-Svalbard,Upper Grusdievbreen Formation,new,,Fo,100.0,78.9,18.2,5.0,107.0,126.3,14.7,14.7,84.2,8.4,-1.1,252.6,4.4,8.6,6.151422599691879,0.8,18.2,2.7,71.0,4.5,8.7,6.3,MIXED,4.0,1.0,1.0,1.0,1.0,1.0,1.0,0.0,0.0,1.0,1.0,5.0,B,800.0,789.0,811.0,"789-811, authors",Upper Grusdievbreen Formation,"Maloof,A.C., Halverson,G.P., Kirschvink,J.L., Schrag,D.P., Weiss,B.P., Hoffman,P.F.",2006.0,Geol.Soc.Am.Bulletin,118,1099-1124,"Combined paleomagnetic, isotopic, and stratigraphic evidence for true polar wander from the Neoproterozoic Akademikerbreen Group, Svalbard, Norway",,\cite{Maloof2006a},,,10296
95,Laurentia,Gunbarrel dikes,new,"site-weighted mean of 3 studies (Tobacco Root B, Christmas Lake, Mt Moran)",,0.0,44.8,248.7,14.0,228.0,300.8,-18.8,18.8,1000.0,0.1,9.1,138.2,12.0,12.0,12.0,,,,,,,,0or100,4.0,1.0,1.0,1.0,1.0,1.0,1.0,0.0,1.0,0.0,0.0,4.0,B,778.0,776.0,780.0,"778+/-2, GPMDB4.6","MEAN Wyoming ""Gunbarrel"" dykes",LULEÅ WORKING GROUP MEAN,2009.0,,,,,Overlaps with Paleozoic,"Calculation from \cite{Eyster2019a} based on data of \cite{Harlan1993a, Harlan1997a}",,updated pole and removed Tsezotene sills following Eysther2019a,1000
96,Laurentia,Uinta Mountain Group,new,,,100.0,40.75,250.7,9.0,80.0,270.17,1.97,1.97,61.5,6.62,0.8,161.3,3.3129362320934184,6.6229355812144854,4.684160890685348,0.6,3.3,1.2,161.8,3.3,6.6,4.7,45or55,4.0,1.0,1.0,1.0,1.0,1.0,1.0,0.0,1.0,1.0,0.0,5.0,B,760.0,750.0,766.0,<766 +/- 4 based on DZ in Dehler et al. 2010,Uinta Mountain Group,"Weil, A.B., Geissman, J.W., Ashby, J.M.",2006.0,Precambrian Res.,147,234-259,"A new paleomagnetic pole for the Neoproterozoic Uinta Mountain supergroup, Central Rocky Mountain States, USA",Overlaps with Cambrian,\cite{Weil2006b},,updated age,1000
97,Laurentia-Svalbard,Svanbergfjellet Formation,new,,F*+,100.0,78.5,18.0,1.0,18.0,333.2,29.4,29.4,25.2,7.0,25.9,226.8,4.3,7.7,5.754128952326321,0.8,35.2,29.6,227.3,4.7,8.1,6.1,0or100,4.0,1.0,0.0,1.0,1.0,0.0,1.0,1.0,0.0,0.0,1.0,4.0,B,770.0,730.0,789.0,"pre-Islay anomaly, post BS, authors",Svanbergfjellet Formation,"Maloof,A.C., Halverson,G.P., Kirschvink,J.L., Schrag,D.P., Weiss,B.P., Hoffman,P.F.",2006.0,Geol.Soc.Am.Bulletin,118,1099-1124,"Combined paleomagnetic, isotopic, and stratigraphic evidence for true polar wander from the Neoproterozoic Akademikerbreen Group, Svalbard, Norway",,\cite{Maloof2006a},,updated age,10296
98,Laurentia,Carbon Canyon,,,,,36.1,248.2,,,,,,,,-0.5,166.0,9.7,9.7,9.7,,,,,,,,,,,,,,,,,,,,,NR,757.0,750.0,764.0,,,,,,,,,,\cite{Weil2004a} as calculated in \cite{Eyster2019a},,added ,1000
99,Laurentia,Carbon Butte/Awatubi,,,,,35.25,248.5,,,,,,,,14.2,163.8,3.5,3.5,3.5,,,,,,,,,,,,,,,,,,,,,NR,751.0,743.4,758.6,"751.0 ± 7.6 Re-Os( Rooney et al., 2017) ",,,,,,,,,\cite{Eyster2019a},,added ,1000
100,Laurentia,Franklin event grand mean,new,Combined Result,C+,0.0,73.0,275.4,56.0,1000.0,289.1,0.6,0.6,1000.0,0.1,6.7,162.1,3.0,3.0,3.0,1.0,0.6,6.7,162.1,3.0,3.0,3.0,MIXED,4.0,1.0,1.0,1.0,1.0,1.0,1.0,1.0,1.0,1.0,0.0,6.0,A,718.0,716.0,720.0,,Franklin event grand mean,"Denyszyn,S.W., Halls,H.C., Davis,D.W., Evans,D.A.D.",2009.0,Canad.J.Earth Sci.,46,689-705,Paleomagnetism and U-Pb Geochronology of Franklin dykes in High Arctic Canada and Greenland: A revised age and paleomagnetic pole constraining block rotations in the Nares Strait region,Overlaps with Cambrian,\cite{Denyszyn2009b},,updated age,1000
101,Laurentia,Long Range dikes,new,"Dykes 1,2,3,4 and 6",C+,0.0,53.7,303.3,5.0,92.0,110.3,56.8,56.8,1000.0,14.1,-19.0,175.3,14.8,20.5,17.418381095842403,1.0,56.8,-19.0,175.3,14.8,20.5,17.418381095842403,40or60,4.0,1.0,1.0,1.0,1.0,1.0,1.0,1.0,1.0,1.0,1.0,7.0,B,615.0,613.0,617.0,", GPMDB4.6",Long Range Dykes,"Murthy,G.S., Gower,C., Tubett,M., Patzold,R.",1992.0,Canad.J.Earth Sci.,29,1224-1234,"Paleomagnetism of Eocambrian Long Range dykes and Double Mer Formation from Labrador, Canada",,\cite{Murthy1992a},,,1000
102,Laurentia,Baie des Moutons complex,new,A direction,,0.0,50.8,301.0,8.0,87.0,98.6,78.0,78.0,71.1,6.8,-42.6,152.7,11.7,12.4,12.044915939930839,1.0,78.0,-42.6,152.7,11.7,12.4,12.044915939930839,0or100,4.0,1.0,1.0,1.0,1.0,1.0,1.0,0.0,0.0,0.0,1.0,4.0,B,583.0,581.0,585.0,"583.4±2.0 weighted mean of four hornblende 40Ar–39Ar plateau ages from sites 20 and 44, McCausland et al 2011",Baie des Moutons A,"McCausland, P.J.A., Hankard, F., Van der Voo, R., Hall, C.M.",2011.0,Precambrian Res.,187,58-78,"Ediacaran paleogeography of Laurentia: Paleomagnetism and 40Ar–39Ar geochronology of the 583Ma Baie des Moutons syenite, Quebec",,\cite{McCausland2011a},,,1000
103,Laurentia,Baie des Moutons complex,new,B direction,,0.0,50.8,301.0,6.0,56.0,163.1,6.0,6.0,10.5,21.7,34.2,141.5,10.9,21.8,15.414927829866736,1.0,6.0,34.2,141.5,10.9,21.8,15.414927829866736,20or80,4.0,1.0,1.0,1.0,0.0,0.0,1.0,0.0,0.0,1.0,0.0,3.0,B,583.0,581.0,585.0,"583.4±2.0 weighted mean of four hornblende 40Ar–39Ar plateau ages from sites 20 and 44, McCausland et al 2011",Baie des Moutons B,"McCausland, P.J.A., Hankard, F., Van der Voo, R., Hall, C.M.",2011.0,Precambrian Res.,187,58-78,"Ediacaran paleogeography of Laurentia: Paleomagnetism and 40Ar–39Ar geochronology of the 583Ma Baie des Moutons syenite, Quebec",Overlaps with Silurian (possible Salinic orogeny overprint),\cite{McCausland2011a},,,1000
104,Laurentia,Callander Alkaline Complex,6458,,"C+,R-",0.0,46.200001,280.599998,26.0,205.0,82.199997,82.699997,82.699997,83.0,3.1,-46.3,121.4,5.9,6.1,5.999166608788258,1.0,82.699997,-46.3,121.4,5.9,6.1,5.999166608788258,12or88,4.0,1.0,1.0,1.0,1.0,1.0,1.0,1.0,0.0,1.0,1.0,6.0,B,575.0,570.0,580.0,", GPMDB4.6",Callander Alkaline Complex,"Symons,D.T.A., Chiasson,A.D.",1991.0,Canad.J.Earth Sci.,28,355-363,Paleomagnetism of the Callander Complex and the Cambrian apparent polar wander path for North America,,\cite{Symons1991a},,,1000
105,Laurentia,Catoctin Basalts,7474,A Component,"C+,F+,Rc,M",100.0,38.5,281.800003,6.0,28.0,68.0,84.0,84.0,59.0,9.0,-42.0,116.7,17.4,17.700001,17.549359458396196,1.0,84.0,-42.0,116.7,17.4,17.700001,17.549359458396196,50,4.0,1.0,1.0,1.0,1.0,1.0,1.0,1.0,1.0,1.0,1.0,7.0,B,572.0,567.0,577.0,"572±5 in felsic pod from lower Catoctin; 564 Ma in upper Catoctin -lower more applicable to basalts, Aleinikoff +95 Am.J.Sci",Catoctin Basalts,"Meert,J.G., Van der Voo,R., Payne,T.W.",1994.0,J.Geophys.Res.,99,4625-4641,Paleomagnetism of the Catoctin volcanic province: a new Vendian-Cambrian apparent polar wander path for North America,,\cite{Meert1994a},,,1000
106,Laurentia,Sept-Iles layered intrusion,1752,A Component,C*+,0.0,50.200001,293.5,10.0,51.0,333.0,-29.0,29.0,34.0,8.0,20.0,141.0,5.0,9.0,6.708203932499369,1.0,-29.0,20.0,141.0,5.0,9.0,6.708203932499369,0or100,4.0,1.0,1.0,1.0,1.0,1.0,1.0,1.0,1.0,0.0,0.0,5.0,B,565.0,561.0,569.0,", GPMDB4.6",Sept-Iles Layered Intrusion,"Tanczyk,E.I., Lapointe,P., Morris,W.A., Schmidt,P.W.",1987.0,Canad.J.Earth Sci.,24,1431-1438,"A paleomagnetic study of the layered mafic intrusion at Sept-Iles, Quebec",Overlaps with Silurian (possible Salinic orogeny overprint),\cite{Tanczyk1987a},,,1000
